rank,file,t_sec,score,U,A,D,n_boxes,n_ambiguous,empty,selected
1,frame_0073.jpg,29.2,0.7224,0.6698,0.625,1.0,6,5,False,True
2,frame_0288.jpg,115.2,0.7056,0.7482,0.625,0.72,9,5,False,True
3,frame_0077.jpg,30.8,0.6918,0.6567,0.625,0.88,6,5,False,False
4,frame_0071.jpg,28.4,0.6831,0.5912,0.625,1.0,6,5,False,False
5,frame_0074.jpg,29.6,0.6721,0.6441,0.5,1.0,9,4,False,False
6,frame_0387.jpg,154.8,0.6511,0.6972,0.875,0.2,10,7,False,True
7,frame_0070.jpg,28.0,0.6321,0.6391,0.375,1.0,6,3,False,False
8,frame_0291.jpg,116.4,0.6301,0.6993,0.375,0.84,8,3,False,False
9,frame_0378.jpg,151.2,0.6246,0.6922,0.875,0.08,10,7,False,True
10,frame_0069.jpg,27.6,0.6236,0.4722,0.625,1.0,6,5,False,False
11,frame_0377.jpg,150.8,0.6231,0.6731,0.875,0.12,10,7,False,False
12,frame_0026.jpg,10.4,0.623,0.621,0.375,1.0,3,3,False,True
13,frame_0329.jpg,131.6,0.6167,0.8264,0.625,0.08,9,5,False,True
14,frame_0072.jpg,28.8,0.6121,0.5992,0.375,1.0,7,3,False,False
15,frame_0126.jpg,50.4,0.6037,0.6784,0.375,0.76,6,3,False,True
16,frame_0367.jpg,146.8,0.6033,0.6496,0.875,0.08,8,7,False,True
17,frame_0296.jpg,118.4,0.5977,0.5644,0.625,0.64,5,5,False,True
18,frame_0127.jpg,50.8,0.5966,0.5731,0.5,0.8,7,4,False,False
19,frame_0130.jpg,52.0,0.5936,0.5191,0.5,0.92,4,4,False,False
20,frame_0002.jpg,0.8,0.5923,0.4847,0.5,1.0,6,4,False,True
21,frame_0327.jpg,130.8,0.5914,0.7168,0.75,0.04,9,6,False,False
22,frame_0031.jpg,12.4,0.5896,0.5541,0.375,1.0,9,3,False,True
23,frame_0287.jpg,114.8,0.5896,0.6822,0.375,0.68,7,3,False,False
24,frame_0376.jpg,150.4,0.5889,0.6638,0.75,0.16,7,6,False,False
25,frame_0123.jpg,49.2,0.5877,0.6945,0.375,0.64,5,3,False,False
26,frame_0368.jpg,147.2,0.5857,0.5553,1.0,0.04,9,8,False,False
27,frame_0292.jpg,116.8,0.5853,0.4756,0.625,0.8,6,5,False,False
28,frame_0384.jpg,153.6,0.5832,0.7273,0.625,0.16,6,5,False,False
29,frame_0011.jpg,4.4,0.5805,0.536,0.375,1.0,3,3,False,True
30,frame_0170.jpg,68.0,0.5755,0.584,0.625,0.48,7,5,False,False
31,frame_0375.jpg,150.0,0.5739,0.6928,0.625,0.2,8,5,False,False
32,frame_0000.jpg,0.0,0.5726,0.5201,0.375,1.0,8,3,False,False
33,frame_0078.jpg,31.2,0.5687,0.5014,0.5,0.84,6,4,False,False
34,frame_0007.jpg,2.8,0.5653,0.4306,0.5,1.0,6,4,False,False
35,frame_0294.jpg,117.6,0.563,0.5379,0.5,0.72,5,4,False,False
36,frame_0183.jpg,73.2,0.5606,0.8053,0.5,0.04,4,4,False,False
37,frame_0013.jpg,5.2,0.5605,0.571,0.25,1.0,3,2,False,False
38,frame_0129.jpg,51.6,0.559,0.541,0.375,0.88,6,3,False,False
39,frame_0067.jpg,26.8,0.5574,0.4898,0.375,1.0,7,3,False,False
40,frame_0114.jpg,45.6,0.5569,0.6267,0.625,0.28,5,5,False,False
41,frame_0295.jpg,118.0,0.5527,0.6834,0.25,0.68,4,2,False,False
42,frame_0209.jpg,83.6,0.5517,0.5905,0.375,0.72,3,3,False,False
43,frame_0018.jpg,7.2,0.5513,0.5525,0.25,1.0,3,2,False,False
44,frame_0079.jpg,31.6,0.5445,0.5439,0.375,0.8,8,3,False,False
45,frame_0332.jpg,132.8,0.5438,0.6966,0.625,0.04,8,5,False,False
46,frame_0284.jpg,113.6,0.5437,0.6384,0.375,0.56,5,3,False,False
47,frame_0328.jpg,131.2,0.5431,0.6042,0.75,0.08,10,6,False,False
48,frame_0275.jpg,110.0,0.5372,0.6194,0.625,0.2,6,5,False,False
49,frame_0175.jpg,70.0,0.5365,0.586,0.625,0.28,7,5,False,False
50,frame_0293.jpg,117.2,0.5361,0.4682,0.5,0.76,6,4,False,False
51,frame_0087.jpg,34.8,0.535,0.6529,0.375,0.48,3,3,False,False
52,frame_0033.jpg,13.2,0.5347,0.4443,0.375,1.0,6,3,False,False
53,frame_0128.jpg,51.2,0.5328,0.5046,0.375,0.84,7,3,False,False
54,frame_0095.jpg,38.0,0.5291,0.6191,0.625,0.16,7,5,False,False
55,frame_0020.jpg,8.0,0.5264,0.5028,0.25,1.0,3,2,False,False
56,frame_0283.jpg,113.2,0.5225,0.612,0.375,0.52,4,3,False,False
57,frame_0167.jpg,66.8,0.5207,0.5763,0.375,0.6,6,3,False,False
58,frame_0122.jpg,48.8,0.5202,0.5753,0.375,0.6,3,3,False,False
59,frame_0015.jpg,6.0,0.5139,0.4778,0.25,1.0,5,2,False,False
60,frame_0202.jpg,80.8,0.5116,0.4832,0.5,0.6,5,4,False,False
61,frame_0106.jpg,42.4,0.5114,0.7068,0.5,0.04,8,4,False,False
62,frame_0014.jpg,5.6,0.5112,0.3224,0.5,1.0,5,4,False,False
63,frame_0285.jpg,114.0,0.5096,0.4792,0.5,0.6,5,4,False,False
64,frame_0290.jpg,116.0,0.5079,0.4708,0.375,0.8,6,3,False,False
65,frame_0030.jpg,12.0,0.5063,0.3876,0.375,1.0,7,3,False,False
66,frame_0116.jpg,46.4,0.5044,0.6398,0.375,0.36,7,3,False,False
67,frame_0218.jpg,87.2,0.5006,0.7072,0.25,0.36,3,2,False,False
68,frame_0397.jpg,158.8,0.4995,0.619,0.5,0.2,5,4,False,False
69,frame_0029.jpg,11.6,0.4994,0.4488,0.25,1.0,5,2,False,False
70,frame_0230.jpg,92.0,0.4989,0.6498,0.5,0.12,9,4,False,False
71,frame_0112.jpg,44.8,0.4969,0.6138,0.5,0.2,5,4,False,False
72,frame_0117.jpg,46.8,0.4968,0.5336,0.5,0.4,7,4,False,False
73,frame_0276.jpg,110.4,0.4962,0.5215,0.625,0.24,9,5,False,False
74,frame_0298.jpg,119.2,0.4939,0.5388,0.375,0.56,6,3,False,False
75,frame_0132.jpg,52.8,0.4937,0.3624,0.375,1.0,5,3,False,False
76,frame_0120.jpg,48.0,0.4936,0.4792,0.5,0.52,5,4,False,False
77,frame_0374.jpg,149.6,0.4911,0.6773,0.375,0.2,10,3,False,False
78,frame_0396.jpg,158.4,0.4906,0.5421,0.625,0.16,7,5,False,False
79,frame_0271.jpg,108.4,0.4904,0.8898,0.125,0.04,2,1,False,False
80,frame_0168.jpg,67.2,0.4903,0.5316,0.375,0.56,6,3,False,False
81,frame_0004.jpg,1.6,0.4899,0.4299,0.25,1.0,4,2,False,False
82,frame_0306.jpg,122.4,0.4877,0.5795,0.5,0.24,7,4,False,False
83,frame_0124.jpg,49.6,0.4861,0.4752,0.375,0.68,6,3,False,False
84,frame_0173.jpg,69.2,0.486,0.528,0.5,0.36,6,4,False,False
85,frame_0210.jpg,84.0,0.4846,0.5471,0.25,0.68,3,2,False,False
86,frame_0169.jpg,67.6,0.4829,0.4579,0.5,0.52,6,4,False,False
87,frame_0089.jpg,35.6,0.4786,0.4972,0.5,0.4,6,4,False,False
88,frame_0133.jpg,53.2,0.4773,0.4046,0.25,1.0,5,2,False,False
89,frame_0081.jpg,32.4,0.4764,0.3648,0.5,0.72,5,4,False,False
90,frame_0231.jpg,92.4,0.4762,0.5884,0.5,0.16,8,4,False,False
91,frame_0229.jpg,91.6,0.476,0.5449,0.625,0.08,6,5,False,False
92,frame_0297.jpg,118.8,0.4745,0.484,0.375,0.6,5,3,False,False
93,frame_0302.jpg,120.8,0.4728,0.4856,0.5,0.4,6,4,False,False
94,frame_0174.jpg,69.6,0.4707,0.5134,0.5,0.32,4,4,False,False
95,frame_0115.jpg,46.0,0.4706,0.5132,0.5,0.32,6,4,False,False
96,frame_0317.jpg,126.8,0.4689,0.5579,0.5,0.2,8,4,False,False
97,frame_0068.jpg,27.2,0.4678,0.3857,0.25,1.0,9,2,False,False
98,frame_0206.jpg,82.4,0.4659,0.4778,0.25,0.76,2,2,False,False
99,frame_0321.jpg,128.4,0.4642,0.4734,0.625,0.2,7,5,False,False
100,frame_0021.jpg,8.4,0.4609,0.3718,0.25,1.0,5,2,False,False
101,frame_0177.jpg,70.8,0.4606,0.4662,0.625,0.2,6,5,False,False
102,frame_0286.jpg,114.4,0.4601,0.4392,0.375,0.64,6,3,False,False
103,frame_0330.jpg,132.0,0.4596,0.6782,0.375,0.04,9,3,False,False
104,frame_0300.jpg,120.0,0.4562,0.4205,0.5,0.48,7,4,False,False
105,frame_0274.jpg,109.6,0.4531,0.5421,0.5,0.16,5,4,False,False
106,frame_0318.jpg,127.2,0.4525,0.584,0.375,0.24,6,3,False,False
107,frame_0118.jpg,47.2,0.4524,0.4287,0.5,0.44,6,4,False,False
108,frame_0299.jpg,119.6,0.4521,0.4712,0.375,0.52,6,3,False,False
109,frame_0008.jpg,3.2,0.4498,0.3496,0.25,1.0,4,2,False,False
110,frame_0307.jpg,122.8,0.4488,0.4427,0.625,0.2,8,5,False,False
111,frame_0389.jpg,155.6,0.4471,0.4711,0.625,0.12,8,5,False,False
112,frame_0016.jpg,6.4,0.4468,0.3435,0.25,1.0,6,2,False,False
113,frame_0279.jpg,111.6,0.4467,0.5994,0.25,0.36,5,2,False,False
114,frame_0207.jpg,82.8,0.4459,0.4218,0.25,0.8,3,2,False,False
115,frame_0185.jpg,74.0,0.4451,0.5581,0.5,0.08,9,4,False,False
116,frame_0025.jpg,10.0,0.445,0.415,0.125,1.0,2,1,False,False
117,frame_0388.jpg,155.2,0.4447,0.4504,0.625,0.16,9,5,False,False
118,frame_0333.jpg,133.2,0.4443,0.6316,0.375,0.08,9,3,False,False
119,frame_0003.jpg,1.2,0.4435,0.262,0.375,1.0,5,3,False,False
120,frame_0178.jpg,71.2,0.4435,0.5229,0.5,0.16,7,4,False,False
121,frame_0028.jpg,11.2,0.4428,0.3356,0.25,1.0,4,2,False,False
122,frame_0080.jpg,32.0,0.4407,0.3524,0.375,0.76,6,3,False,False
123,frame_0370.jpg,148.0,0.4403,0.5646,0.5,0.04,6,4,False,False
124,frame_0184.jpg,73.6,0.4392,0.5463,0.5,0.08,7,4,False,False
125,frame_0233.jpg,93.2,0.4381,0.5552,0.375,0.24,6,3,False,False
126,frame_0289.jpg,115.6,0.4378,0.4965,0.125,0.76,5,1,False,False
127,frame_0075.jpg,30.0,0.4377,0.3414,0.25,0.96,7,2,False,False
128,frame_0205.jpg,82.0,0.436,0.434,0.25,0.72,2,2,False,False
129,frame_0208.jpg,83.2,0.4331,0.4121,0.25,0.76,5,2,False,False
130,frame_0301.jpg,120.4,0.4328,0.4646,0.375,0.44,6,3,False,False
131,frame_0313.jpg,125.2,0.4324,0.6987,0.25,0.04,2,2,False,False
132,frame_0373.jpg,149.2,0.4307,0.4975,0.5,0.16,7,4,False,False
133,frame_0023.jpg,9.2,0.4299,0.3099,0.25,1.0,3,2,False,False
134,frame_0125.jpg,50.0,0.4288,0.4196,0.25,0.72,6,2,False,False
135,frame_0379.jpg,151.6,0.4261,0.4612,0.625,0.04,9,5,False,False
136,frame_0225.jpg,90.0,0.4258,0.5196,0.5,0.08,5,4,False,False
137,frame_0203.jpg,81.2,0.425,0.3691,0.375,0.64,4,3,False,False
138,frame_0316.jpg,126.4,0.4231,0.4822,0.5,0.16,6,4,False,False
139,frame_0319.jpg,127.6,0.4225,0.433,0.5,0.28,8,4,False,False
140,frame_0001.jpg,0.4,0.4224,0.4447,0.0,1.0,8,0,False,False
141,frame_0214.jpg,85.6,0.4222,0.4863,0.25,0.52,3,2,False,False
142,frame_0269.jpg,107.6,0.418,0.5199,0.5,0.04,4,4,False,False
143,frame_0027.jpg,10.8,0.4168,0.3586,0.125,1.0,3,1,False,False
144,frame_0197.jpg,78.8,0.4139,0.5928,0.125,0.4,1,1,False,False
145,frame_0032.jpg,12.8,0.4126,0.3502,0.125,1.0,5,1,False,False
146,frame_0005.jpg,2.0,0.4114,0.3478,0.125,1.0,4,1,False,False
147,frame_0131.jpg,52.4,0.4103,0.3616,0.125,0.96,5,1,False,False
148,frame_0320.jpg,128.0,0.4102,0.4994,0.375,0.24,6,3,False,False
149,frame_0398.jpg,159.2,0.4102,0.4995,0.375,0.24,9,3,False,False
150,frame_0322.jpg,128.8,0.4073,0.5255,0.375,0.16,4,3,False,False
151,frame_0179.jpg,71.6,0.4069,0.5408,0.375,0.12,6,3,False,False
152,frame_0188.jpg,75.2,0.4051,0.4942,0.5,0.04,8,4,False,False
153,frame_0010.jpg,4.0,0.4042,0.3334,0.125,1.0,2,1,False,False
154,frame_0105.jpg,42.0,0.4026,0.4732,0.5,0.08,6,4,False,False
155,frame_0017.jpg,6.8,0.3996,0.3242,0.125,1.0,4,1,False,False
156,frame_0280.jpg,112.0,0.3991,0.4882,0.25,0.4,6,2,False,False
157,frame_0012.jpg,4.8,0.3982,0.3214,0.125,1.0,3,1,False,False
158,frame_0186.jpg,74.4,0.3944,0.5478,0.375,0.04,10,3,False,False
159,frame_0223.jpg,89.2,0.3938,0.4986,0.375,0.16,6,3,False,False
160,frame_0171.jpg,68.4,0.3926,0.3841,0.375,0.44,4,3,False,False
161,frame_0281.jpg,112.4,0.3918,0.4575,0.25,0.44,5,2,False,False
162,frame_0204.jpg,81.6,0.3913,0.3606,0.25,0.68,2,2,False,False
163,frame_0090.jpg,36.0,0.3911,0.4882,0.25,0.36,4,2,False,False
164,frame_0278.jpg,111.2,0.3911,0.5043,0.25,0.32,7,2,False,False
165,frame_0216.jpg,86.4,0.3879,0.4498,0.25,0.44,4,2,False,False
166,frame_0076.jpg,30.4,0.3873,0.3316,0.125,0.92,6,1,False,False
167,frame_0199.jpg,79.6,0.3872,0.5074,0.125,0.48,1,1,False,False
168,frame_0213.jpg,85.2,0.385,0.471,0.125,0.56,2,1,False,False
169,frame_0315.jpg,126.0,0.3849,0.4967,0.375,0.12,7,3,False,False
170,frame_0277.jpg,110.8,0.3836,0.4303,0.375,0.28,7,3,False,False
171,frame_0391.jpg,156.4,0.3826,0.5242,0.375,0.04,8,3,False,False
172,frame_0024.jpg,9.6,0.3825,0.2899,0.125,1.0,3,1,False,False
173,frame_0211.jpg,84.4,0.3794,0.3528,0.25,0.64,4,2,False,False
174,frame_0189.jpg,75.6,0.3785,0.5001,0.375,0.08,4,3,False,False
175,frame_0219.jpg,87.6,0.3739,0.3949,0.375,0.32,4,3,False,False
176,frame_0121.jpg,48.4,0.373,0.3719,0.25,0.56,5,2,False,False
177,frame_0019.jpg,7.6,0.3715,0.268,0.125,1.0,4,1,False,False
178,frame_0390.jpg,156.0,0.3688,0.4805,0.375,0.08,8,3,False,False
179,frame_0111.jpg,44.4,0.3681,0.5223,0.25,0.16,3,2,False,False
180,frame_0314.jpg,125.6,0.3666,0.4011,0.5,0.08,6,4,False,False
181,frame_0096.jpg,38.4,0.3665,0.46,0.375,0.12,6,3,False,False
182,frame_0220.jpg,88.0,0.3659,0.4698,0.25,0.28,4,2,False,False
183,frame_0176.jpg,70.4,0.3646,0.4832,0.25,0.24,7,2,False,False
184,frame_0088.jpg,35.2,0.3624,0.3988,0.25,0.44,5,2,False,False
185,frame_0305.jpg,122.0,0.3601,0.3832,0.375,0.28,5,3,False,False
186,frame_0200.jpg,80.0,0.3592,0.3604,0.25,0.52,2,2,False,False
187,frame_0224.jpg,89.6,0.3589,0.5197,0.25,0.12,5,2,False,False
188,frame_0098.jpg,39.2,0.3587,0.4014,0.5,0.04,5,4,False,False
189,frame_0193.jpg,77.2,0.3583,0.3955,0.375,0.24,6,3,False,False
190,frame_0091.jpg,36.4,0.3578,0.4376,0.25,0.32,3,2,False,False
191,frame_0386.jpg,154.4,0.3564,0.4667,0.25,0.24,7,2,False,False
192,frame_0006.jpg,2.4,0.3548,0.2346,0.125,1.0,4,1,False,False
193,frame_0226.jpg,90.4,0.3547,0.4684,0.375,0.04,4,3,False,False
194,frame_0181.jpg,72.4,0.3519,0.3879,0.5,0.04,6,4,False,False
195,frame_0228.jpg,91.2,0.3519,0.5378,0.25,0.04,7,2,False,False
196,frame_0084.jpg,33.6,0.351,0.3871,0.125,0.6,3,1,False,False
197,frame_0232.jpg,92.8,0.3508,0.3967,0.375,0.2,6,3,False,False
198,frame_0022.jpg,8.8,0.3459,0.2168,0.125,1.0,5,1,False,False
199,frame_0113.jpg,45.2,0.3427,0.4395,0.25,0.24,6,2,False,False
200,frame_0082.jpg,32.8,0.3395,0.257,0.25,0.68,6,2,False,False
201,frame_0212.jpg,84.8,0.3374,0.3598,0.125,0.6,2,1,False,False
202,frame_0304.jpg,121.6,0.3364,0.3949,0.25,0.32,6,2,False,False
203,frame_0104.jpg,41.6,0.3344,0.3957,0.375,0.12,4,3,False,False
204,frame_0282.jpg,112.8,0.3333,0.3246,0.25,0.48,5,2,False,False
205,frame_0101.jpg,40.4,0.3307,0.4794,0.25,0.08,4,2,False,False
206,frame_0308.jpg,123.2,0.3272,0.3654,0.375,0.16,7,3,False,False
207,frame_0215.jpg,86.0,0.3253,0.3086,0.25,0.48,4,2,False,False
208,frame_0395.jpg,158.0,0.3216,0.3702,0.375,0.12,7,3,False,False
209,frame_0109.jpg,43.6,0.3208,0.3846,0.375,0.08,7,3,False,False
210,frame_0309.jpg,123.6,0.3206,0.3683,0.375,0.12,6,3,False,False
211,frame_0393.jpg,157.2,0.3153,0.3896,0.375,0.04,5,3,False,False
212,frame_0094.jpg,37.6,0.3126,0.3952,0.25,0.2,5,2,False,False
213,frame_0385.jpg,154.0,0.311,0.3919,0.25,0.2,5,2,False,False
214,frame_0100.jpg,40.0,0.3084,0.4508,0.25,0.04,6,2,False,False
215,frame_0303.jpg,121.2,0.3068,0.3195,0.25,0.36,5,2,False,False
216,frame_0310.jpg,124.0,0.3032,0.4244,0.25,0.08,4,2,False,False
217,frame_0198.jpg,79.2,0.2999,0.3488,0.125,0.44,2,1,False,False
218,frame_0372.jpg,148.8,0.2996,0.4012,0.25,0.12,6,2,False,False
219,frame_0194.jpg,77.6,0.2995,0.3371,0.25,0.28,6,2,False,False
220,frame_0221.jpg,88.4,0.2977,0.3495,0.25,0.24,6,2,False,False
221,frame_0196.jpg,78.4,0.2967,0.3743,0.125,0.36,2,1,False,False
222,frame_0268.jpg,107.2,0.2959,0.3348,0.375,0.08,5,3,False,False
223,frame_0195.jpg,78.0,0.2939,0.3099,0.25,0.32,3,2,False,False
224,frame_0222.jpg,88.8,0.2903,0.3506,0.25,0.2,5,2,False,False
225,frame_0272.jpg,108.8,0.2893,0.3967,0.25,0.08,2,2,False,False
226,frame_0394.jpg,157.6,0.2848,0.3127,0.375,0.08,7,3,False,False
227,frame_0085.jpg,34.0,0.2824,0.2658,0.125,0.56,3,1,False,False
228,frame_0172.jpg,68.8,0.2822,0.2543,0.25,0.4,5,2,False,False
229,frame_0325.jpg,130.0,0.281,0.321,0.375,0.04,6,3,False,False
230,frame_0267.jpg,106.8,0.2802,0.3624,0.25,0.12,6,2,False,False
231,frame_0009.jpg,3.6,0.28,0.16,0.0,1.0,2,0,False,False
232,frame_0201.jpg,80.4,0.2788,0.2586,0.125,0.56,4,1,False,False
233,frame_0108.jpg,43.2,0.2763,0.3866,0.25,0.04,7,2,False,False
234,frame_0273.jpg,109.2,0.2699,0.3417,0.25,0.12,4,2,False,False
235,frame_0371.jpg,148.4,0.2659,0.3498,0.25,0.08,5,2,False,False
236,frame_0191.jpg,76.4,0.2628,0.3115,0.25,0.16,4,2,False,False
237,frame_0217.jpg,86.8,0.2566,0.2782,0.125,0.4,4,1,False,False
238,frame_0086.jpg,34.4,0.2545,0.2259,0.125,0.52,5,1,False,False
239,frame_0190.jpg,76.0,0.2545,0.4609,0.0,0.12,3,0,False,False
240,frame_0103.jpg,41.2,0.2542,0.2944,0.25,0.16,4,2,False,False
241,frame_0311.jpg,124.4,0.2536,0.3413,0.25,0.04,3,2,False,False
242,frame_0192.jpg,76.8,0.2517,0.2734,0.25,0.2,5,2,False,False
243,frame_0180.jpg,72.0,0.2467,0.3114,0.25,0.08,5,2,False,False
244,frame_0119.jpg,47.6,0.2447,0.2223,0.125,0.48,5,1,False,False
245,frame_0092.jpg,36.8,0.2397,0.2923,0.125,0.28,3,1,False,False
246,frame_0399.jpg,159.6,0.2376,0.2881,0.125,0.28,7,1,False,False
247,frame_0102.jpg,40.8,0.23,0.337,0.125,0.12,3,1,False,False
248,frame_0097.jpg,38.8,0.2283,0.2747,0.25,0.08,7,2,False,False
249,frame_0083.jpg,33.2,0.2228,0.1896,0.0,0.64,4,0,False,False
250,frame_0093.jpg,37.2,0.2208,0.2706,0.125,0.24,5,1,False,False
251,frame_0382.jpg,152.8,0.2192,0.2563,0.25,0.08,4,2,False,False
252,frame_0381.jpg,152.4,0.2151,0.3391,0.125,0.04,6,1,False,False
253,frame_0383.jpg,153.2,0.1993,0.2755,0.125,0.12,5,1,False,False
254,frame_0324.jpg,129.6,0.1966,0.2862,0.125,0.08,6,1,False,False
255,frame_0323.jpg,129.2,0.1803,0.2377,0.125,0.12,6,1,False,False
256,frame_0110.jpg,44.0,0.1237,0.1993,0.0,0.12,3,0,False,False
